Year,Admissions,Attributable number,Attributable percentage
2009,1493491,461700,30.917480865228786
2010,1534176,459900,29.976242611062187
2011,1562569,459700,29.421484367823552
2012,1600202,460900,28.80109145382296
2013,1634266,454700,27.82153305301073
2014,1713330,474600,27.700442996970807
2015,1767663,474300,26.833946567721007
2016,1824936,484700,26.55961257386733
2017,1861589,489300,26.28324180084683
2018,1933310,504200,26.077475317769423
2019,1991183,506100,25.418301601369404
